--
-- PostgreSQL database dump
--

-- Dumped from database version 12.17 (Ubuntu 12.17-1.pgdg22.04+1)
-- Dumped by pg_dump version 12.17 (Ubuntu 12.17-1.pgdg22.04+1)

SET statement_timeout = 0;
SET lock_timeout = 0;
SET idle_in_transaction_session_timeout = 0;
SET client_encoding = 'UTF8';
SET standard_conforming_strings = on;
SELECT pg_catalog.set_config('search_path', '', false);
SET check_function_bodies = false;
SET xmloption = content;
SET client_min_messages = warning;
SET row_security = off;

DROP DATABASE universe;
--
-- Name: universe; Type: DATABASE; Schema: -; Owner: freecodecamp
--

CREATE DATABASE universe WITH TEMPLATE = template0 ENCODING = 'UTF8' LC_COLLATE = 'C.UTF-8' LC_CTYPE = 'C.UTF-8';


ALTER DATABASE universe OWNER TO freecodecamp;

\connect universe

SET statement_timeout = 0;
SET lock_timeout = 0;
SET idle_in_transaction_session_timeout = 0;
SET client_encoding = 'UTF8';
SET standard_conforming_strings = on;
SELECT pg_catalog.set_config('search_path', '', false);
SET check_function_bodies = false;
SET xmloption = content;
SET client_min_messages = warning;
SET row_security = off;

SET default_tablespace = '';

SET default_table_access_method = heap;

--
-- Name: galaxy; Type: TABLE; Schema: public; Owner: freecodecamp
--

CREATE TABLE public.galaxy (
    galaxy_id integer NOT NULL,
    name character varying(255) NOT NULL,
    size integer NOT NULL,
    star_count integer,
    is_spiral boolean NOT NULL
);


ALTER TABLE public.galaxy OWNER TO freecodecamp;

--
-- Name: galaxy_galaxy_id_seq; Type: SEQUENCE; Schema: public; Owner: freecodecamp
--

CREATE SEQUENCE public.galaxy_galaxy_id_seq
    AS integer
    START WITH 1
    INCREMENT BY 1
    NO MINVALUE
    NO MAXVALUE
    CACHE 1;


ALTER TABLE public.galaxy_galaxy_id_seq OWNER TO freecodecamp;

--
-- Name: galaxy_galaxy_id_seq; Type: SEQUENCE OWNED BY; Schema: public; Owner: freecodecamp
--

ALTER SEQUENCE public.galaxy_galaxy_id_seq OWNED BY public.galaxy.galaxy_id;


--
-- Name: moon; Type: TABLE; Schema: public; Owner: freecodecamp
--

CREATE TABLE public.moon (
    moon_id integer NOT NULL,
    name character varying(255) NOT NULL,
    planet_id integer NOT NULL,
    diameter integer,
    has_atmosphere boolean NOT NULL
);


ALTER TABLE public.moon OWNER TO freecodecamp;

--
-- Name: moon_moon_id_seq; Type: SEQUENCE; Schema: public; Owner: freecodecamp
--

CREATE SEQUENCE public.moon_moon_id_seq
    AS integer
    START WITH 1
    INCREMENT BY 1
    NO MINVALUE
    NO MAXVALUE
    CACHE 1;


ALTER TABLE public.moon_moon_id_seq OWNER TO freecodecamp;

--
-- Name: moon_moon_id_seq; Type: SEQUENCE OWNED BY; Schema: public; Owner: freecodecamp
--

ALTER SEQUENCE public.moon_moon_id_seq OWNED BY public.moon.moon_id;


--
-- Name: nebula; Type: TABLE; Schema: public; Owner: freecodecamp
--

CREATE TABLE public.nebula (
    nebula_id integer NOT NULL,
    name character varying(255) NOT NULL,
    galaxy_id integer NOT NULL,
    composition text,
    is_emission boolean NOT NULL
);


ALTER TABLE public.nebula OWNER TO freecodecamp;

--
-- Name: nebula_nebula_id_seq; Type: SEQUENCE; Schema: public; Owner: freecodecamp
--

CREATE SEQUENCE public.nebula_nebula_id_seq
    AS integer
    START WITH 1
    INCREMENT BY 1
    NO MINVALUE
    NO MAXVALUE
    CACHE 1;


ALTER TABLE public.nebula_nebula_id_seq OWNER TO freecodecamp;

--
-- Name: nebula_nebula_id_seq; Type: SEQUENCE OWNED BY; Schema: public; Owner: freecodecamp
--

ALTER SEQUENCE public.nebula_nebula_id_seq OWNED BY public.nebula.nebula_id;


--
-- Name: planet; Type: TABLE; Schema: public; Owner: freecodecamp
--

CREATE TABLE public.planet (
    planet_id integer NOT NULL,
    name character varying(255) NOT NULL,
    star_id integer NOT NULL,
    orbital_period integer,
    has_rings boolean NOT NULL
);


ALTER TABLE public.planet OWNER TO freecodecamp;

--
-- Name: planet_planet_id_seq; Type: SEQUENCE; Schema: public; Owner: freecodecamp
--

CREATE SEQUENCE public.planet_planet_id_seq
    AS integer
    START WITH 1
    INCREMENT BY 1
    NO MINVALUE
    NO MAXVALUE
    CACHE 1;


ALTER TABLE public.planet_planet_id_seq OWNER TO freecodecamp;

--
-- Name: planet_planet_id_seq; Type: SEQUENCE OWNED BY; Schema: public; Owner: freecodecamp
--

ALTER SEQUENCE public.planet_planet_id_seq OWNED BY public.planet.planet_id;


--
-- Name: star; Type: TABLE; Schema: public; Owner: freecodecamp
--

CREATE TABLE public.star (
    star_id integer NOT NULL,
    name character varying(255) NOT NULL,
    galaxy_id integer NOT NULL,
    mass numeric(15,2),
    is_binary boolean NOT NULL
);


ALTER TABLE public.star OWNER TO freecodecamp;

--
-- Name: star_star_id_seq; Type: SEQUENCE; Schema: public; Owner: freecodecamp
--

CREATE SEQUENCE public.star_star_id_seq
    AS integer
    START WITH 1
    INCREMENT BY 1
    NO MINVALUE
    NO MAXVALUE
    CACHE 1;


ALTER TABLE public.star_star_id_seq OWNER TO freecodecamp;

--
-- Name: star_star_id_seq; Type: SEQUENCE OWNED BY; Schema: public; Owner: freecodecamp
--

ALTER SEQUENCE public.star_star_id_seq OWNED BY public.star.star_id;


--
-- Name: galaxy galaxy_id; Type: DEFAULT; Schema: public; Owner: freecodecamp
--

ALTER TABLE ONLY public.galaxy ALTER COLUMN galaxy_id SET DEFAULT nextval('public.galaxy_galaxy_id_seq'::regclass);


--
-- Name: moon moon_id; Type: DEFAULT; Schema: public; Owner: freecodecamp
--

ALTER TABLE ONLY public.moon ALTER COLUMN moon_id SET DEFAULT nextval('public.moon_moon_id_seq'::regclass);


--
-- Name: nebula nebula_id; Type: DEFAULT; Schema: public; Owner: freecodecamp
--

ALTER TABLE ONLY public.nebula ALTER COLUMN nebula_id SET DEFAULT nextval('public.nebula_nebula_id_seq'::regclass);


--
-- Name: planet planet_id; Type: DEFAULT; Schema: public; Owner: freecodecamp
--

ALTER TABLE ONLY public.planet ALTER COLUMN planet_id SET DEFAULT nextval('public.planet_planet_id_seq'::regclass);


--
-- Name: star star_id; Type: DEFAULT; Schema: public; Owner: freecodecamp
--

ALTER TABLE ONLY public.star ALTER COLUMN star_id SET DEFAULT nextval('public.star_star_id_seq'::regclass);


--
-- Data for Name: galaxy; Type: TABLE DATA; Schema: public; Owner: freecodecamp
--

INSERT INTO public.galaxy VALUES (1, 'Milky Way', 100000, 200000000, true);
INSERT INTO public.galaxy VALUES (2, 'Andromeda', 120000, 400000000, true);
INSERT INTO public.galaxy VALUES (3, 'Triangulum', 60000, 40000000, true);
INSERT INTO public.galaxy VALUES (4, 'Sombrero', 50000, 100000000, false);
INSERT INTO public.galaxy VALUES (5, 'Whirlpool', 80000, 150000000, true);
INSERT INTO public.galaxy VALUES (6, 'Pinwheel', 90000, 180000000, true);


--
-- Data for Name: moon; Type: TABLE DATA; Schema: public; Owner: freecodecamp
--

INSERT INTO public.moon VALUES (1, 'Luna', 1, 3474, false);
INSERT INTO public.moon VALUES (2, 'Phobos', 2, 22, false);
INSERT INTO public.moon VALUES (3, 'Deimos', 2, 12, false);
INSERT INTO public.moon VALUES (4, 'Io', 3, 3643, true);
INSERT INTO public.moon VALUES (5, 'Europa', 3, 3122, true);
INSERT INTO public.moon VALUES (6, 'Ganymede', 3, 5268, false);
INSERT INTO public.moon VALUES (7, 'Callisto', 3, 4821, false);
INSERT INTO public.moon VALUES (8, 'Titan', 6, 5150, true);
INSERT INTO public.moon VALUES (9, 'Rhea', 6, 1528, false);
INSERT INTO public.moon VALUES (10, 'Iapetus', 6, 1470, false);
INSERT INTO public.moon VALUES (11, 'Vega I-a', 7, 200, false);
INSERT INTO public.moon VALUES (12, 'Vega I-b', 7, 150, false);
INSERT INTO public.moon VALUES (13, 'Vega II-a', 8, 180, false);
INSERT INTO public.moon VALUES (14, 'Rigel I-a', 9, 300, true);
INSERT INTO public.moon VALUES (15, 'Rigel I-b', 9, 250, false);
INSERT INTO public.moon VALUES (16, 'Rigel II-a', 10, 220, false);
INSERT INTO public.moon VALUES (17, 'Altair I-a', 11, 100, false);
INSERT INTO public.moon VALUES (18, 'Altair I-b', 11, 90, false);
INSERT INTO public.moon VALUES (19, 'Altair II-a', 12, 120, false);
INSERT INTO public.moon VALUES (20, 'Altair II-b', 12, 110, false);


--
-- Data for Name: nebula; Type: TABLE DATA; Schema: public; Owner: freecodecamp
--

INSERT INTO public.nebula VALUES (1, 'Orion Nebula', 1, 'Hydrogen, Helium', true);
INSERT INTO public.nebula VALUES (2, 'Eagle Nebula', 1, 'Ionized Gases', true);
INSERT INTO public.nebula VALUES (3, 'Crab Nebula', 2, 'Supernova Remnant', false);


--
-- Data for Name: planet; Type: TABLE DATA; Schema: public; Owner: freecodecamp
--

INSERT INTO public.planet VALUES (1, 'Earth', 1, 365, false);
INSERT INTO public.planet VALUES (2, 'Mars', 1, 687, false);
INSERT INTO public.planet VALUES (3, 'Jupiter', 1, 4333, true);
INSERT INTO public.planet VALUES (4, 'Venus', 1, 225, false);
INSERT INTO public.planet VALUES (5, 'Canopus I', 2, 500, false);
INSERT INTO public.planet VALUES (6, 'Canopus II', 2, 800, true);
INSERT INTO public.planet VALUES (7, 'Vega I', 4, 300, false);
INSERT INTO public.planet VALUES (8, 'Vega II', 4, 450, false);
INSERT INTO public.planet VALUES (9, 'Rigel I', 5, 600, true);
INSERT INTO public.planet VALUES (10, 'Rigel II', 5, 900, false);
INSERT INTO public.planet VALUES (11, 'Altair I', 6, 200, false);
INSERT INTO public.planet VALUES (12, 'Altair II', 6, 350, false);


--
-- Data for Name: star; Type: TABLE DATA; Schema: public; Owner: freecodecamp
--

INSERT INTO public.star VALUES (1, 'Sun', 1, 1.99, false);
INSERT INTO public.star VALUES (2, 'Sirius', 1, 4.02, true);
INSERT INTO public.star VALUES (3, 'Betelgeuse', 1, 25.00, false);
INSERT INTO public.star VALUES (4, 'Vega', 2, 4.10, false);
INSERT INTO public.star VALUES (5, 'Rigel', 2, 30.00, true);
INSERT INTO public.star VALUES (6, 'Altair', 3, 3.50, false);


--
-- Name: galaxy_galaxy_id_seq; Type: SEQUENCE SET; Schema: public; Owner: freecodecamp
--

SELECT pg_catalog.setval('public.galaxy_galaxy_id_seq', 6, true);


--
-- Name: moon_moon_id_seq; Type: SEQUENCE SET; Schema: public; Owner: freecodecamp
--

SELECT pg_catalog.setval('public.moon_moon_id_seq', 20, true);


--
-- Name: nebula_nebula_id_seq; Type: SEQUENCE SET; Schema: public; Owner: freecodecamp
--

SELECT pg_catalog.setval('public.nebula_nebula_id_seq', 3, true);


--
-- Name: planet_planet_id_seq; Type: SEQUENCE SET; Schema: public; Owner: freecodecamp
--

SELECT pg_catalog.setval('public.planet_planet_id_seq', 12, true);


--
-- Name: star_star_id_seq; Type: SEQUENCE SET; Schema: public; Owner: freecodecamp
--

SELECT pg_catalog.setval('public.star_star_id_seq', 6, true);


--
-- Name: galaxy galaxy_name_key; Type: CONSTRAINT; Schema: public; Owner: freecodecamp
--

ALTER TABLE ONLY public.galaxy
    ADD CONSTRAINT galaxy_name_key UNIQUE (name);


--
-- Name: galaxy galaxy_pkey; Type: CONSTRAINT; Schema: public; Owner: freecodecamp
--

ALTER TABLE ONLY public.galaxy
    ADD CONSTRAINT galaxy_pkey PRIMARY KEY (galaxy_id);


--
-- Name: moon moon_name_key; Type: CONSTRAINT; Schema: public; Owner: freecodecamp
--

ALTER TABLE ONLY public.moon
    ADD CONSTRAINT moon_name_key UNIQUE (name);


--
-- Name: moon moon_pkey; Type: CONSTRAINT; Schema: public; Owner: freecodecamp
--

ALTER TABLE ONLY public.moon
    ADD CONSTRAINT moon_pkey PRIMARY KEY (moon_id);


--
-- Name: nebula nebula_name_key; Type: CONSTRAINT; Schema: public; Owner: freecodecamp
--

ALTER TABLE ONLY public.nebula
    ADD CONSTRAINT nebula_name_key UNIQUE (name);


--
-- Name: nebula nebula_pkey; Type: CONSTRAINT; Schema: public; Owner: freecodecamp
--

ALTER TABLE ONLY public.nebula
    ADD CONSTRAINT nebula_pkey PRIMARY KEY (nebula_id);


--
-- Name: planet planet_name_key; Type: CONSTRAINT; Schema: public; Owner: freecodecamp
--

ALTER TABLE ONLY public.planet
    ADD CONSTRAINT planet_name_key UNIQUE (name);


--
-- Name: planet planet_pkey; Type: CONSTRAINT; Schema: public; Owner: freecodecamp
--

ALTER TABLE ONLY public.planet
    ADD CONSTRAINT planet_pkey PRIMARY KEY (planet_id);


--
-- Name: star star_name_key; Type: CONSTRAINT; Schema: public; Owner: freecodecamp
--

ALTER TABLE ONLY public.star
    ADD CONSTRAINT star_name_key UNIQUE (name);


--
-- Name: star star_pkey; Type: CONSTRAINT; Schema: public; Owner: freecodecamp
--

ALTER TABLE ONLY public.star
    ADD CONSTRAINT star_pkey PRIMARY KEY (star_id);


--
-- Name: moon moon_planet_id_fkey; Type: FK CONSTRAINT; Schema: public; Owner: freecodecamp
--

ALTER TABLE ONLY public.moon
    ADD CONSTRAINT moon_planet_id_fkey FOREIGN KEY (planet_id) REFERENCES public.planet(planet_id);


--
-- Name: nebula nebula_galaxy_id_fkey; Type: FK CONSTRAINT; Schema: public; Owner: freecodecamp
--

ALTER TABLE ONLY public.nebula
    ADD CONSTRAINT nebula_galaxy_id_fkey FOREIGN KEY (galaxy_id) REFERENCES public.galaxy(galaxy_id);


--
-- Name: planet planet_star_id_fkey; Type: FK CONSTRAINT; Schema: public; Owner: freecodecamp
--

ALTER TABLE ONLY public.planet
    ADD CONSTRAINT planet_star_id_fkey FOREIGN KEY (star_id) REFERENCES public.star(star_id);


--
-- Name: star star_galaxy_id_fkey; Type: FK CONSTRAINT; Schema: public; Owner: freecodecamp
--

ALTER TABLE ONLY public.star
    ADD CONSTRAINT star_galaxy_id_fkey FOREIGN KEY (galaxy_id) REFERENCES public.galaxy(galaxy_id);


--
-- PostgreSQL database dump complete
--

